{
    "logs": [
        {
            "outputFile": "/home/mad_titan/AndroidStudioProjects/TextToSpeech2/app/build/intermediates/incremental/mergeDebugResources/merged.dir/values-tl/values-tl.xml",
            "map": [
                {
                    "source": "/home/mad_titan/.gradle/caches/transforms-2/files-2.1/f21c14963452d678dcd87c70dcfed88a/res/values-tl/values-tl.xml",
                    "from": {
                        "startLines": "2,3,4,5,6,7,8,9,10,11,12,13,14,15,16,17,18,19,20,21,22,23,24,25,26,27,28,29",
                        "startColumns": "4,4,4,4,4,4,4,4,4,4,4,4,4,4,4,4,4,4,4,4,4,4,4,4,4,4,4,4",
                        "startOffsets": "105,224,332,449,537,643,764,843,921,1012,1105,1201,1295,1396,1489,1584,1678,1769,1860,1944,2053,2164,2265,2375,2492,2600,2763,2865",
                        "endColumns": "118,107,116,87,105,120,78,77,90,92,95,93,100,92,94,93,90,90,83,108,110,100,109,116,107,162,101,83",
                        "endOffsets": "219,327,444,532,638,759,838,916,1007,1100,1196,1290,1391,1484,1579,1673,1764,1855,1939,2048,2159,2260,2370,2487,2595,2758,2860,2944"
                    }
                },
                {
                    "source": "/home/mad_titan/.gradle/caches/transforms-2/files-2.1/52578abddc7ad31f0967d589d0a2e12b/res/values-tl/values-tl.xml",
                    "from": {
                        "startLines": "2",
                        "startColumns": "4",
                        "startOffsets": "55",
                        "endColumns": "100",
                        "endOffsets": "151"
                    },
                    "to": {
                        "startLines": "30",
                        "startColumns": "4",
                        "startOffsets": "2949",
                        "endColumns": "100",
                        "endOffsets": "3045"
                    }
                }
            ]
        }
    ]
}