{
    "logs": [
        {
            "outputFile": "/home/mad_titan/AndroidStudioProjects/TextToSpeech2/app/build/intermediates/incremental/mergeDebugResources/merged.dir/values-nb/values-nb.xml",
            "map": [
                {
                    "source": "/home/mad_titan/.gradle/caches/transforms-2/files-2.1/52578abddc7ad31f0967d589d0a2e12b/res/values-nb/values-nb.xml",
                    "from": {
                        "startLines": "2",
                        "startColumns": "4",
                        "startOffsets": "55",
                        "endColumns": "100",
                        "endOffsets": "151"
                    },
                    "to": {
                        "startLines": "30",
                        "startColumns": "4",
                        "startOffsets": "2826",
                        "endColumns": "100",
                        "endOffsets": "2922"
                    }
                },
                {
                    "source": "/home/mad_titan/.gradle/caches/transforms-2/files-2.1/f21c14963452d678dcd87c70dcfed88a/res/values-nb/values-nb.xml",
                    "from": {
                        "startLines": "2,3,4,5,6,7,8,9,10,11,12,13,14,15,16,17,18,19,20,21,22,23,24,25,26,27,28,29",
                        "startColumns": "4,4,4,4,4,4,4,4,4,4,4,4,4,4,4,4,4,4,4,4,4,4,4,4,4,4,4,4",
                        "startOffsets": "105,213,308,422,508,608,721,797,873,964,1057,1153,1247,1348,1441,1536,1634,1725,1816,1896,1999,2098,2194,2298,2396,2497,2650,2747",
                        "endColumns": "107,94,113,85,99,112,75,75,90,92,95,93,100,92,94,97,90,90,79,102,98,95,103,97,100,152,96,78",
                        "endOffsets": "208,303,417,503,603,716,792,868,959,1052,1148,1242,1343,1436,1531,1629,1720,1811,1891,1994,2093,2189,2293,2391,2492,2645,2742,2821"
                    }
                }
            ]
        }
    ]
}