{
    "logs": [
        {
            "outputFile": "/home/mad_titan/AndroidStudioProjects/TextToSpeech2/app/build/intermediates/incremental/mergeDebugResources/merged.dir/values-bg/values-bg.xml",
            "map": [
                {
                    "source": "/home/mad_titan/.gradle/caches/transforms-2/files-2.1/f21c14963452d678dcd87c70dcfed88a/res/values-bg/values-bg.xml",
                    "from": {
                        "startLines": "2,3,4,5,6,7,8,9,10,11,12,13,14,15,16,17,18,19,20,21,22,23,24,25,26,27,28,29",
                        "startColumns": "4,4,4,4,4,4,4,4,4,4,4,4,4,4,4,4,4,4,4,4,4,4,4,4,4,4,4,4",
                        "startOffsets": "105,220,327,432,518,623,744,823,901,992,1085,1181,1275,1376,1469,1564,1672,1763,1854,1937,2051,2160,2260,2374,2480,2588,2748,2847",
                        "endColumns": "114,106,104,85,104,120,78,77,90,92,95,93,100,92,94,107,90,90,82,113,108,99,113,105,107,159,98,82",
                        "endOffsets": "215,322,427,513,618,739,818,896,987,1080,1176,1270,1371,1464,1559,1667,1758,1849,1932,2046,2155,2255,2369,2475,2583,2743,2842,2925"
                    }
                },
                {
                    "source": "/home/mad_titan/.gradle/caches/transforms-2/files-2.1/52578abddc7ad31f0967d589d0a2e12b/res/values-bg/values-bg.xml",
                    "from": {
                        "startLines": "2",
                        "startColumns": "4",
                        "startOffsets": "55",
                        "endColumns": "100",
                        "endOffsets": "151"
                    },
                    "to": {
                        "startLines": "30",
                        "startColumns": "4",
                        "startOffsets": "2930",
                        "endColumns": "100",
                        "endOffsets": "3026"
                    }
                }
            ]
        }
    ]
}