{
    "logs": [
        {
            "outputFile": "/home/mad_titan/AndroidStudioProjects/TextToSpeech2/app/build/intermediates/incremental/mergeDebugResources/merged.dir/values-ja/values-ja.xml",
            "map": [
                {
                    "source": "/home/mad_titan/.gradle/caches/transforms-2/files-2.1/f21c14963452d678dcd87c70dcfed88a/res/values-ja/values-ja.xml",
                    "from": {
                        "startLines": "2,3,4,5,6,7,8,9,10,11,12,13,14,15,16,17,18,19,20,21,22,23,24,25,26,27,28,29",
                        "startColumns": "4,4,4,4,4,4,4,4,4,4,4,4,4,4,4,4,4,4,4,4,4,4,4,4,4,4,4,4",
                        "startOffsets": "105,202,295,400,482,580,688,765,841,932,1025,1121,1215,1316,1409,1504,1598,1689,1780,1858,1960,2059,2154,2257,2352,2448,2596,2693",
                        "endColumns": "96,92,104,81,97,107,76,75,90,92,95,93,100,92,94,93,90,90,77,101,98,94,102,94,95,147,96,77",
                        "endOffsets": "197,290,395,477,575,683,760,836,927,1020,1116,1210,1311,1404,1499,1593,1684,1775,1853,1955,2054,2149,2252,2347,2443,2591,2688,2766"
                    }
                },
                {
                    "source": "/home/mad_titan/.gradle/caches/transforms-2/files-2.1/52578abddc7ad31f0967d589d0a2e12b/res/values-ja/values-ja.xml",
                    "from": {
                        "startLines": "2",
                        "startColumns": "4",
                        "startOffsets": "55",
                        "endColumns": "100",
                        "endOffsets": "151"
                    },
                    "to": {
                        "startLines": "30",
                        "startColumns": "4",
                        "startOffsets": "2771",
                        "endColumns": "100",
                        "endOffsets": "2867"
                    }
                }
            ]
        }
    ]
}