{
    "logs": [
        {
            "outputFile": "/home/mad_titan/AndroidStudioProjects/TextToSpeech2/app/build/intermediates/incremental/mergeDebugResources/merged.dir/values-zh-rCN/values-zh-rCN.xml",
            "map": [
                {
                    "source": "/home/mad_titan/.gradle/caches/transforms-2/files-2.1/f21c14963452d678dcd87c70dcfed88a/res/values-zh-rCN/values-zh-rCN.xml",
                    "from": {
                        "startLines": "2,3,4,5,6,7,8,9,10,11,12,13,14,15,16,17,18,19,20,21,22,23,24,25,26,27,28,29",
                        "startColumns": "4,4,4,4,4,4,4,4,4,4,4,4,4,4,4,4,4,4,4,4,4,4,4,4,4,4,4,4",
                        "startOffsets": "105,201,296,396,478,575,681,757,833,924,1017,1115,1211,1306,1399,1494,1586,1677,1768,1846,1942,2038,2133,2230,2325,2423,2572,2666",
                        "endColumns": "95,94,99,81,96,105,75,75,90,92,97,95,94,92,94,91,90,90,77,95,95,94,96,94,97,148,93,77",
                        "endOffsets": "196,291,391,473,570,676,752,828,919,1012,1110,1206,1301,1394,1489,1581,1672,1763,1841,1937,2033,2128,2225,2320,2418,2567,2661,2739"
                    }
                },
                {
                    "source": "/home/mad_titan/.gradle/caches/transforms-2/files-2.1/52578abddc7ad31f0967d589d0a2e12b/res/values-zh-rCN/values-zh-rCN.xml",
                    "from": {
                        "startLines": "2",
                        "startColumns": "4",
                        "startOffsets": "55",
                        "endColumns": "100",
                        "endOffsets": "151"
                    },
                    "to": {
                        "startLines": "30",
                        "startColumns": "4",
                        "startOffsets": "2744",
                        "endColumns": "100",
                        "endOffsets": "2840"
                    }
                }
            ]
        }
    ]
}