{
    "logs": [
        {
            "outputFile": "/home/mad_titan/AndroidStudioProjects/TextToSpeech2/app/build/intermediates/incremental/mergeDebugResources/merged.dir/values-mr/values-mr.xml",
            "map": [
                {
                    "source": "/home/mad_titan/.gradle/caches/transforms-2/files-2.1/f21c14963452d678dcd87c70dcfed88a/res/values-mr/values-mr.xml",
                    "from": {
                        "startLines": "2,3,4,5,6,7,8,9,10,11,12,13,14,15,16,17,18,19,20,21,22,23,24,25,26,27,28,29",
                        "startColumns": "4,4,4,4,4,4,4,4,4,4,4,4,4,4,4,4,4,4,4,4,4,4,4,4,4,4,4,4",
                        "startOffsets": "105,216,322,429,519,620,735,812,890,981,1074,1168,1265,1366,1459,1554,1651,1742,1833,1913,2025,2127,2223,2332,2433,2545,2702,2807",
                        "endColumns": "110,105,106,89,100,114,76,77,90,92,93,96,100,92,94,96,90,90,79,111,101,95,108,100,111,156,104,79",
                        "endOffsets": "211,317,424,514,615,730,807,885,976,1069,1163,1260,1361,1454,1549,1646,1737,1828,1908,2020,2122,2218,2327,2428,2540,2697,2802,2882"
                    }
                },
                {
                    "source": "/home/mad_titan/.gradle/caches/transforms-2/files-2.1/52578abddc7ad31f0967d589d0a2e12b/res/values-mr/values-mr.xml",
                    "from": {
                        "startLines": "2",
                        "startColumns": "4",
                        "startOffsets": "55",
                        "endColumns": "100",
                        "endOffsets": "151"
                    },
                    "to": {
                        "startLines": "30",
                        "startColumns": "4",
                        "startOffsets": "2887",
                        "endColumns": "100",
                        "endOffsets": "2983"
                    }
                }
            ]
        }
    ]
}