{
    "logs": [
        {
            "outputFile": "/home/mad_titan/AndroidStudioProjects/TextToSpeech2/app/build/intermediates/incremental/mergeDebugResources/merged.dir/values-as/values-as.xml",
            "map": [
                {
                    "source": "/home/mad_titan/.gradle/caches/transforms-2/files-2.1/f21c14963452d678dcd87c70dcfed88a/res/values-as/values-as.xml",
                    "from": {
                        "startLines": "2,3,4,5,6,7,8,9,10,11,12,13,14,15,16,17,18,19,20,21,22,23,24,25,26,27,28,29",
                        "startColumns": "4,4,4,4,4,4,4,4,4,4,4,4,4,4,4,4,4,4,4,4,4,4,4,4,4,4,4,4",
                        "startOffsets": "105,213,312,419,515,617,736,816,896,987,1080,1173,1268,1368,1461,1558,1652,1743,1834,1923,2025,2140,2243,2352,2471,2591,2758,2861",
                        "endColumns": "107,98,106,95,101,118,79,79,90,92,92,94,99,92,96,93,90,90,88,101,114,102,108,118,119,166,102,88",
                        "endOffsets": "208,307,414,510,612,731,811,891,982,1075,1168,1263,1363,1456,1553,1647,1738,1829,1918,2020,2135,2238,2347,2466,2586,2753,2856,2945"
                    }
                },
                {
                    "source": "/home/mad_titan/.gradle/caches/transforms-2/files-2.1/52578abddc7ad31f0967d589d0a2e12b/res/values-as/values-as.xml",
                    "from": {
                        "startLines": "2",
                        "startColumns": "4",
                        "startOffsets": "55",
                        "endColumns": "100",
                        "endOffsets": "151"
                    },
                    "to": {
                        "startLines": "30",
                        "startColumns": "4",
                        "startOffsets": "2950",
                        "endColumns": "100",
                        "endOffsets": "3046"
                    }
                }
            ]
        }
    ]
}