{
    "logs": [
        {
            "outputFile": "/home/mad_titan/AndroidStudioProjects/TextToSpeech2/app/build/intermediates/incremental/mergeDebugResources/merged.dir/values-lt/values-lt.xml",
            "map": [
                {
                    "source": "/home/mad_titan/.gradle/caches/transforms-2/files-2.1/f21c14963452d678dcd87c70dcfed88a/res/values-lt/values-lt.xml",
                    "from": {
                        "startLines": "2,3,4,5,6,7,8,9,10,11,12,13,14,15,16,17,18,19,20,21,22,23,24,25,26,27,28,29",
                        "startColumns": "4,4,4,4,4,4,4,4,4,4,4,4,4,4,4,4,4,4,4,4,4,4,4,4,4,4,4,4",
                        "startOffsets": "105,221,322,435,522,631,752,834,915,1009,1105,1203,1299,1403,1499,1597,1700,1794,1888,1973,2082,2191,2291,2401,2505,2618,2794,2895",
                        "endColumns": "115,100,112,86,108,120,81,80,93,95,97,95,103,95,97,102,93,93,84,108,108,99,109,103,112,175,100,82",
                        "endOffsets": "216,317,430,517,626,747,829,910,1004,1100,1198,1294,1398,1494,1592,1695,1789,1883,1968,2077,2186,2286,2396,2500,2613,2789,2890,2973"
                    }
                },
                {
                    "source": "/home/mad_titan/.gradle/caches/transforms-2/files-2.1/52578abddc7ad31f0967d589d0a2e12b/res/values-lt/values-lt.xml",
                    "from": {
                        "startLines": "2",
                        "startColumns": "4",
                        "startOffsets": "55",
                        "endColumns": "100",
                        "endOffsets": "151"
                    },
                    "to": {
                        "startLines": "30",
                        "startColumns": "4",
                        "startOffsets": "2978",
                        "endColumns": "100",
                        "endOffsets": "3074"
                    }
                }
            ]
        }
    ]
}