{
    "logs": [
        {
            "outputFile": "/home/mad_titan/AndroidStudioProjects/TextToSpeech2/app/build/intermediates/incremental/mergeDebugResources/merged.dir/values-gl/values-gl.xml",
            "map": [
                {
                    "source": "/home/mad_titan/.gradle/caches/transforms-2/files-2.1/f21c14963452d678dcd87c70dcfed88a/res/values-gl/values-gl.xml",
                    "from": {
                        "startLines": "2,3,4,5,6,7,8,9,10,11,12,13,14,15,16,17,18,19,20,21,22,23,24,25,26,27,28,29",
                        "startColumns": "4,4,4,4,4,4,4,4,4,4,4,4,4,4,4,4,4,4,4,4,4,4,4,4,4,4,4,4",
                        "startOffsets": "105,217,329,437,522,624,750,834,915,1007,1101,1199,1293,1394,1488,1584,1679,1771,1863,1945,2052,2161,2260,2368,2472,2579,2738,2838",
                        "endColumns": "111,111,107,84,101,125,83,80,91,93,97,93,100,93,95,94,91,91,81,106,108,98,107,103,106,158,99,81",
                        "endOffsets": "212,324,432,517,619,745,829,910,1002,1096,1194,1288,1389,1483,1579,1674,1766,1858,1940,2047,2156,2255,2363,2467,2574,2733,2833,2915"
                    }
                },
                {
                    "source": "/home/mad_titan/.gradle/caches/transforms-2/files-2.1/52578abddc7ad31f0967d589d0a2e12b/res/values-gl/values-gl.xml",
                    "from": {
                        "startLines": "2",
                        "startColumns": "4",
                        "startOffsets": "55",
                        "endColumns": "100",
                        "endOffsets": "151"
                    },
                    "to": {
                        "startLines": "30",
                        "startColumns": "4",
                        "startOffsets": "2920",
                        "endColumns": "100",
                        "endOffsets": "3016"
                    }
                }
            ]
        }
    ]
}