{
    "logs": [
        {
            "outputFile": "/home/mad_titan/AndroidStudioProjects/TextToSpeech2/app/build/intermediates/incremental/mergeDebugResources/merged.dir/values-da/values-da.xml",
            "map": [
                {
                    "source": "/home/mad_titan/.gradle/caches/transforms-2/files-2.1/52578abddc7ad31f0967d589d0a2e12b/res/values-da/values-da.xml",
                    "from": {
                        "startLines": "2",
                        "startColumns": "4",
                        "startOffsets": "55",
                        "endColumns": "100",
                        "endOffsets": "151"
                    },
                    "to": {
                        "startLines": "30",
                        "startColumns": "4",
                        "startOffsets": "2844",
                        "endColumns": "100",
                        "endOffsets": "2940"
                    }
                },
                {
                    "source": "/home/mad_titan/.gradle/caches/transforms-2/files-2.1/f21c14963452d678dcd87c70dcfed88a/res/values-da/values-da.xml",
                    "from": {
                        "startLines": "2,3,4,5,6,7,8,9,10,11,12,13,14,15,16,17,18,19,20,21,22,23,24,25,26,27,28,29",
                        "startColumns": "4,4,4,4,4,4,4,4,4,4,4,4,4,4,4,4,4,4,4,4,4,4,4,4,4,4,4,4",
                        "startOffsets": "105,208,307,419,502,602,715,792,869,960,1053,1149,1243,1338,1431,1526,1624,1715,1806,1885,1994,2102,2198,2312,2414,2515,2668,2765",
                        "endColumns": "102,98,111,82,99,112,76,76,90,92,95,93,94,92,94,97,90,90,78,108,107,95,113,101,100,152,96,78",
                        "endOffsets": "203,302,414,497,597,710,787,864,955,1048,1144,1238,1333,1426,1521,1619,1710,1801,1880,1989,2097,2193,2307,2409,2510,2663,2760,2839"
                    }
                }
            ]
        }
    ]
}