{
    "logs": [
        {
            "outputFile": "/home/mad_titan/AndroidStudioProjects/TextToSpeech2/app/build/intermediates/incremental/mergeDebugResources/merged.dir/values-uk/values-uk.xml",
            "map": [
                {
                    "source": "/home/mad_titan/.gradle/caches/transforms-2/files-2.1/f21c14963452d678dcd87c70dcfed88a/res/values-uk/values-uk.xml",
                    "from": {
                        "startLines": "2,3,4,5,6,7,8,9,10,11,12,13,14,15,16,17,18,19,20,21,22,23,24,25,26,27,28,29",
                        "startColumns": "4,4,4,4,4,4,4,4,4,4,4,4,4,4,4,4,4,4,4,4,4,4,4,4,4,4,4,4",
                        "startOffsets": "105,215,317,423,509,617,735,814,894,985,1078,1174,1268,1369,1462,1557,1652,1743,1834,1915,2021,2128,2226,2334,2440,2549,2719,2819",
                        "endColumns": "109,101,105,85,107,117,78,79,90,92,95,93,100,92,94,94,90,90,80,105,106,97,107,105,108,169,99,80",
                        "endOffsets": "210,312,418,504,612,730,809,889,980,1073,1169,1263,1364,1457,1552,1647,1738,1829,1910,2016,2123,2221,2329,2435,2544,2714,2814,2895"
                    }
                },
                {
                    "source": "/home/mad_titan/.gradle/caches/transforms-2/files-2.1/52578abddc7ad31f0967d589d0a2e12b/res/values-uk/values-uk.xml",
                    "from": {
                        "startLines": "2",
                        "startColumns": "4",
                        "startOffsets": "55",
                        "endColumns": "100",
                        "endOffsets": "151"
                    },
                    "to": {
                        "startLines": "30",
                        "startColumns": "4",
                        "startOffsets": "2900",
                        "endColumns": "100",
                        "endOffsets": "2996"
                    }
                }
            ]
        }
    ]
}